release_path,original_sha256,sanitized_sha256,replacement_count,transformation
units/hiha_matchability_attribution/manifests/alpha0_focused025_125_result.yaml,0a96dc2e4051794775bbeb475d2585e96e4a01ea7ac98b9c86bcf09c20ff5fc7,c9cfd4f466033eed2e037e740b58ee386ba65b37c7998bdfdef51d7416b0e87a,4,repository root -> <repository-root>; user home -> <user-home>
units/hiha_primary/configs/report_leave_one_HIHA_DC_external_baselines/_failures.jsonl,af0c61cd364780bb0dd4eec0149c88489c646b3f9e6302f5ef7c977fd60bc80f,979e412a32548484d0242eac44ab10fcdd04f402796e831dae23e3395f6762d1,1,repository root -> <repository-root>; user home -> <user-home>
units/pbmc_compatibility_sensitivity/audits/baseline_resource_audit/compare_baselines_by_method.csv,177cbf29b65a557fef029b6a13f80b61f93a5e21ec6f4dac60c7a2d45f02e63b,ffd43c747b658e43bd76876b07b32a1458ce741c3fcd1eb09e1743ea13201c30,11,repository root -> <repository-root>; user home -> <user-home>
units/pbmc_matchability_attribution/audits/baseline_resource_audit/compare_baselines_by_method.csv,177cbf29b65a557fef029b6a13f80b61f93a5e21ec6f4dac60c7a2d45f02e63b,ffd43c747b658e43bd76876b07b32a1458ce741c3fcd1eb09e1743ea13201c30,11,repository root -> <repository-root>; user home -> <user-home>
units/pbmc_matchability_attribution/verified_results/current_revalidation/project/results/PBMC/sensitivity/rho_attribution_alpha_search/manifest.yaml,fd16c49fa30f41eb2c1a041f5a2bbb932553d338e9cfacdb5d36b0451f97fa4f,0513a3e53cc3c387d27dbd2ee911cf935d6195bbdc1f3dc6858d153e652f3ba6,3,repository root -> <repository-root>; user home -> <user-home>
units/pbmc_matchability_attribution/verified_results/current_revalidation/project/results/PBMC/sensitivity/rho_attribution_tau_surface_alpha0_range075_175/manifest.yaml,77aa30494598b4fc809f0c0c4d11b0197424136aae2c7c9fdf6fa4584cc2fd99,1ebf5972f1660ceec5f19323c57b6ab1c17e083398e12af4ca75ed3b62c897fa,1,repository root -> <repository-root>; user home -> <user-home>
units/pbmc_matched_reference/audits/baseline_resource_audit.csv,177cbf29b65a557fef029b6a13f80b61f93a5e21ec6f4dac60c7a2d45f02e63b,ffd43c747b658e43bd76876b07b32a1458ce741c3fcd1eb09e1743ea13201c30,11,repository root -> <repository-root>; user home -> <user-home>
units/pbmc_primary/audits/baseline_resource_audit/compare_baselines_by_method.csv,177cbf29b65a557fef029b6a13f80b61f93a5e21ec6f4dac60c7a2d45f02e63b,ffd43c747b658e43bd76876b07b32a1458ce741c3fcd1eb09e1743ea13201c30,11,repository root -> <repository-root>; user home -> <user-home>
units/pbmc_primary/run_evidence/pbmc_ifnb_b_cells_stim_seed1_taumin0p5_taumax1_alpha4_coreot_full/derived/full_reference_control/derivation_manifest.yaml,c008ca4cfbe0859e0b579cb73a7a90a94d7879ecb7982f1147b54e89828dbae0,f091fd407336e2a7fc27a893c8a1982befcf6bddbfb7de83abe3771c7310428f,3,repository root -> <repository-root>; user home -> <user-home>
units/pbmc_primary/run_evidence/pbmc_ifnb_b_cells_stim_seed1_taumin0p5_taumax1_alpha4_coreot_full/derived/full_reference_control/prior_profiles/default/prior_manifest.yaml,6ab64f22972973ef54dffbcc361e503272efe38f24e486ad50213edc476a1173,6e5661a741b9a64d0d36c7e1d874940469b0b9cd0a57e574273c1b66c4cbc248,2,repository root -> <repository-root>; user home -> <user-home>
units/pbmc_primary/run_evidence/pbmc_ifnb_b_cells_stim_seed1_taumin0p5_taumax1_alpha4_coreot_full/derived/incomplete_reference/derivation_manifest.yaml,1930684e1ffb8ced1ce4f93b874677f4da04220290e06bcfe03d8bd8696fd98d,711d9ff040b77f1dc582b007eb6787c5aed09c31fe345d346019bbe3db407ad1,3,repository root -> <repository-root>; user home -> <user-home>
units/pbmc_primary/run_evidence/pbmc_ifnb_b_cells_stim_seed1_taumin0p5_taumax1_alpha4_coreot_full/derived/incomplete_reference/prior_profiles/default/prior_manifest.yaml,f9ff4e18892ef8307cd3e46797ad7dec811fc66387311be9968400013fe9b10e,88554823b84f161372a6d7ba70b334279dd1757bf3deb0ada456c8d61295dac8,2,repository root -> <repository-root>; user home -> <user-home>
units/pbmc_primary/run_evidence/pbmc_ifnb_b_cells_stim_seed2_taumin0p5_taumax1_alpha4_coreot_full/derived/full_reference_control/derivation_manifest.yaml,0cf8b23caf6137c360b6f5050283a78c135ae8e9b69ca2a4f0b74c932647f44b,0238cc27dbe790c2a124970d55abdd206ad55aa27a1672796edf878c19c8430f,3,repository root -> <repository-root>; user home -> <user-home>
units/pbmc_primary/run_evidence/pbmc_ifnb_b_cells_stim_seed2_taumin0p5_taumax1_alpha4_coreot_full/derived/full_reference_control/prior_profiles/default/prior_manifest.yaml,4222d40812cc4351c128a36cd6a48f77957155088fff9d30fc3a537847d2789e,9b551832c10f71acfc2cc311b165ebf44370264f51a8431fecdeb15507178cdb,2,repository root -> <repository-root>; user home -> <user-home>
units/pbmc_primary/run_evidence/pbmc_ifnb_b_cells_stim_seed2_taumin0p5_taumax1_alpha4_coreot_full/derived/incomplete_reference/derivation_manifest.yaml,e5f73bfb6a8c5313efbf2103bc5e5031d55a9346699795e7e8b889265ca77a49,cd10e4b851e7598afb8573986b4da8ac0a057b289278e3f1fdb7a5babe26e8e9,3,repository root -> <repository-root>; user home -> <user-home>
units/pbmc_primary/run_evidence/pbmc_ifnb_b_cells_stim_seed2_taumin0p5_taumax1_alpha4_coreot_full/derived/incomplete_reference/prior_profiles/default/prior_manifest.yaml,84de5fa1be6275109bb1ff853bf28f2ae60425497728d330ca31b19c3386a1a1,ef9afc204fb83744166327a5b88137b988599eafb2047b6e33e137e3019de6d0,2,repository root -> <repository-root>; user home -> <user-home>
units/pbmc_primary/run_evidence/pbmc_ifnb_b_cells_stim_seed3_taumin0p5_taumax1_alpha4_coreot_full/derived/full_reference_control/derivation_manifest.yaml,244a7572f855a6fe0d9a08e8c0b5d4d26469d6075e8b19ae72707d0670babdb1,8e0cc44b41cbff11385bef6edc7264d623ff787ac07798991a18305c3978c80e,3,repository root -> <repository-root>; user home -> <user-home>
units/pbmc_primary/run_evidence/pbmc_ifnb_b_cells_stim_seed3_taumin0p5_taumax1_alpha4_coreot_full/derived/full_reference_control/prior_profiles/default/prior_manifest.yaml,a924afad296e16a9314dd0ff507ee82c41c17cfc769f5be5662e2600dccbfe6f,70a9668406675f1076a7f1b4f1d61cb038c09651010a5df66b98c8712cfe4d59,2,repository root -> <repository-root>; user home -> <user-home>
units/pbmc_primary/run_evidence/pbmc_ifnb_b_cells_stim_seed3_taumin0p5_taumax1_alpha4_coreot_full/derived/incomplete_reference/derivation_manifest.yaml,df3302656981953d0f05ad5c39c63d2e913d96635444c9900a866d9cc57ca310,e09fb51cb2846ee1fadb51230cf929ce6d4ecd5cd1c5f1459f2253b732403510,3,repository root -> <repository-root>; user home -> <user-home>
units/pbmc_primary/run_evidence/pbmc_ifnb_b_cells_stim_seed3_taumin0p5_taumax1_alpha4_coreot_full/derived/incomplete_reference/prior_profiles/default/prior_manifest.yaml,c791bee0ba82df8f4f449ac2d92e95cf3b8c4f9e93899486db70d6d37f8a1e0a,90cfd952b9190fd1359c63bdab5046f296decdd983a7f097ca5c6e72a4c49f5b,2,repository root -> <repository-root>; user home -> <user-home>
units/pbmc_primary/run_evidence/pbmc_ifnb_b_cells_stim_seed4_taumin0p5_taumax1_alpha4_coreot_full/derived/full_reference_control/derivation_manifest.yaml,d87758b3456a74a7f8aacc24c2bd69be4bc2d842b32a33772a6bd6842b1883a0,b7a9e4afa1afc34d518279f9d7856f1cdb7eeb0df610d10158c14386b66878b1,3,repository root -> <repository-root>; user home -> <user-home>
units/pbmc_primary/run_evidence/pbmc_ifnb_b_cells_stim_seed4_taumin0p5_taumax1_alpha4_coreot_full/derived/full_reference_control/prior_profiles/default/prior_manifest.yaml,688b9abd9bc970eb4a393198ce779e8a4bed4e6f410a95b6d4d20eff42368395,a5a15533311fe3d46f05ecfa7fe55bdb07ef936cda31cced347130759dbb5fe2,2,repository root -> <repository-root>; user home -> <user-home>
units/pbmc_primary/run_evidence/pbmc_ifnb_b_cells_stim_seed4_taumin0p5_taumax1_alpha4_coreot_full/derived/incomplete_reference/derivation_manifest.yaml,b15188b0ab16f143e6162ee1be9f9261772968d240a87c7e5ca419cec219fbe4,370ed4393f990c450aa32d6237628115a9bf75d18685d07f3b19ed09511b20e5,3,repository root -> <repository-root>; user home -> <user-home>
units/pbmc_primary/run_evidence/pbmc_ifnb_b_cells_stim_seed4_taumin0p5_taumax1_alpha4_coreot_full/derived/incomplete_reference/prior_profiles/default/prior_manifest.yaml,1c6c33c5460ee159a34387d1ec9c3a5e4616d3e923dc53316f15b0a886f0c4d5,b3fa662e499dae64b1c5f9f28184b87b5da3f91934b6ceb3aae27c0b7ebf66cd,2,repository root -> <repository-root>; user home -> <user-home>
units/pbmc_primary/run_evidence/pbmc_ifnb_b_cells_stim_seed5_taumin0p5_taumax1_alpha4_coreot_full/derived/full_reference_control/derivation_manifest.yaml,de24a5a70846a33dd3acfd409ead1338af1e2f28c0b7f5167ed15502aeef7fcd,33b2c2746514c475e3ca2890d7806bf9895057b561d09cdad4586b210eed9d82,3,repository root -> <repository-root>; user home -> <user-home>
units/pbmc_primary/run_evidence/pbmc_ifnb_b_cells_stim_seed5_taumin0p5_taumax1_alpha4_coreot_full/derived/full_reference_control/prior_profiles/default/prior_manifest.yaml,4351fb658eb8fde9b768ce8dcca7b486fcc71c453c868ccd1d7b14b8b018b851,947fdc247dbe2354119fafdaea40fdade9ff2c0dfe87100d06442f40a01c52e8,2,repository root -> <repository-root>; user home -> <user-home>
units/pbmc_primary/run_evidence/pbmc_ifnb_b_cells_stim_seed5_taumin0p5_taumax1_alpha4_coreot_full/derived/incomplete_reference/derivation_manifest.yaml,71f1c381123cefe0167d5ca2803a288c5202e914bfff416d00ec1349f58b2bab,a12d09f561a8ea022bcd856505f23c6d5fac0ec62e0cd32831953f05cc97aaa6,3,repository root -> <repository-root>; user home -> <user-home>
units/pbmc_primary/run_evidence/pbmc_ifnb_b_cells_stim_seed5_taumin0p5_taumax1_alpha4_coreot_full/derived/incomplete_reference/prior_profiles/default/prior_manifest.yaml,ad01ff780dfc9ca1c01df7d3af469a2e1b8d57232f6169da9ed7c3b5af6be915,d9417e7edcf58ca96f2a94360c641619e736e9c7bc1c2a8d4f4e582d5adb8016,2,repository root -> <repository-root>; user home -> <user-home>
units/pbmc_primary/run_evidence/pbmc_ifnb_cd8_t_cells_stim_seed1_taumin0p5_taumax1p5_alpha4_coreot_full/derived/full_reference_control/derivation_manifest.yaml,bff7a836cfa232020a1ea1fc4e37205716397cf4000b03f9b26f4a240479cc6d,3c2edd3293e32c8dbae2c9ed12378601c0a7c2ccd9f338baced95bd2101a4d37,3,repository root -> <repository-root>; user home -> <user-home>
units/pbmc_primary/run_evidence/pbmc_ifnb_cd8_t_cells_stim_seed1_taumin0p5_taumax1p5_alpha4_coreot_full/derived/full_reference_control/prior_profiles/default/prior_manifest.yaml,f422eafb470f008aa174dca862af5ca7a133cfeac624c14b31dd79746ea01218,90c5f395c277f64543ae00f107e2d3b30918f65bbd583e7a016aab89e8235bde,2,repository root -> <repository-root>; user home -> <user-home>
units/pbmc_primary/run_evidence/pbmc_ifnb_cd8_t_cells_stim_seed1_taumin0p5_taumax1p5_alpha4_coreot_full/derived/incomplete_reference/derivation_manifest.yaml,13d6ea52167715fc34799f35d70db45972949e87f9a04d6f10343a3524b87b9e,a6fc43d49e8e2fdf5b88a639dbd193817044ff6a6114831848928c30d41c6f65,3,repository root -> <repository-root>; user home -> <user-home>
units/pbmc_primary/run_evidence/pbmc_ifnb_cd8_t_cells_stim_seed1_taumin0p5_taumax1p5_alpha4_coreot_full/derived/incomplete_reference/prior_profiles/default/prior_manifest.yaml,c8de5f719c9fc2ac506ef9f5baf51c2e16683b98c4bf15a158147f4798fe5207,014c09ca5553f3fadfbc80585e4d50f7fcc8aa514dab957ee8cff9081e1e0186,2,repository root -> <repository-root>; user home -> <user-home>
units/pbmc_primary/run_evidence/pbmc_ifnb_cd8_t_cells_stim_seed2_taumin0p5_taumax1p5_alpha4_coreot_full/derived/full_reference_control/derivation_manifest.yaml,8b32bd2da76ebd8128fdf40b7990670caa88cbe40548e30b26616f798b4420e0,4df54b5c87a7c95df1683912bf0561b5d0407a99d8c7d172cdc672d99eed250d,3,repository root -> <repository-root>; user home -> <user-home>
units/pbmc_primary/run_evidence/pbmc_ifnb_cd8_t_cells_stim_seed2_taumin0p5_taumax1p5_alpha4_coreot_full/derived/full_reference_control/prior_profiles/default/prior_manifest.yaml,ea8d30c43cb95bccddc828a4c22436cbc32fa10bd362b6983a807735be29a281,95d9af64f50e42a5104c3a3679909c73fdd137b8111320ffb4433c85f577b4a7,2,repository root -> <repository-root>; user home -> <user-home>
units/pbmc_primary/run_evidence/pbmc_ifnb_cd8_t_cells_stim_seed2_taumin0p5_taumax1p5_alpha4_coreot_full/derived/incomplete_reference/derivation_manifest.yaml,a3adff98c923527297e3aea13952a499303c24da8c7b8ec0f8b9e91ad70a8ebe,fb5cd956102a3285df252e3bcff5febbe4a992e45d015589f937c22d2dc4e4ab,3,repository root -> <repository-root>; user home -> <user-home>
units/pbmc_primary/run_evidence/pbmc_ifnb_cd8_t_cells_stim_seed2_taumin0p5_taumax1p5_alpha4_coreot_full/derived/incomplete_reference/prior_profiles/default/prior_manifest.yaml,3ca1b93f86f2657d58a6e7cbe5efcdba63007e409331ec9e8f2919df5db4daa7,9dc8ebea1799ab20e9f1afc9fbcd4c87cff109a291f277ad476432599e02444a,2,repository root -> <repository-root>; user home -> <user-home>
units/pbmc_primary/run_evidence/pbmc_ifnb_cd8_t_cells_stim_seed3_taumin0p5_taumax1p5_alpha4_coreot_full/derived/full_reference_control/derivation_manifest.yaml,9ea375ee4f19e922d57a01b86c4a3ecd523208b019198d15a48da3d491cf770d,ee398e0f63dfbcb9663d55bfb282a514891ba51e22d557f3267fbae515577f32,3,repository root -> <repository-root>; user home -> <user-home>
units/pbmc_primary/run_evidence/pbmc_ifnb_cd8_t_cells_stim_seed3_taumin0p5_taumax1p5_alpha4_coreot_full/derived/full_reference_control/prior_profiles/default/prior_manifest.yaml,c6ed3649b1a8533a6d796ac2a1ecbb0a82144cb02fc802e0be6d662b6dd7cebf,6710949236fd464fb37303efb2aaf3695ad1f14c55d84a4293b8650f69b0b1e7,2,repository root -> <repository-root>; user home -> <user-home>
units/pbmc_primary/run_evidence/pbmc_ifnb_cd8_t_cells_stim_seed3_taumin0p5_taumax1p5_alpha4_coreot_full/derived/incomplete_reference/derivation_manifest.yaml,70a37748441b72b0a19d2d62f75dfc6c968feda38201835551565acd4e3d5c11,a4db9adaf59a974a9d011ba35ed821f79febd939c1cbe0160c7885023ac3a6cc,3,repository root -> <repository-root>; user home -> <user-home>
units/pbmc_primary/run_evidence/pbmc_ifnb_cd8_t_cells_stim_seed3_taumin0p5_taumax1p5_alpha4_coreot_full/derived/incomplete_reference/prior_profiles/default/prior_manifest.yaml,2d4bf5c3985fb3c75dab55a2f9c2694f13bf05de0d3c8346efc22f9ba951ae1b,ad5f599b9c3301772726817463f734ea93cba94ad51227f1b3d57af69f17650b,2,repository root -> <repository-root>; user home -> <user-home>
units/pbmc_primary/run_evidence/pbmc_ifnb_cd8_t_cells_stim_seed4_taumin0p5_taumax1p5_alpha4_coreot_full/derived/full_reference_control/derivation_manifest.yaml,627eb6035b2e0674c61bb707d617563d4370ca7ff05fe1324165c60a62f26bfa,15ebbdb3fb7640723d78c2eacaf9e02bd7cbc0a6ff15d692204f30e6c7128cba,3,repository root -> <repository-root>; user home -> <user-home>
units/pbmc_primary/run_evidence/pbmc_ifnb_cd8_t_cells_stim_seed4_taumin0p5_taumax1p5_alpha4_coreot_full/derived/full_reference_control/prior_profiles/default/prior_manifest.yaml,381a0180752a0884596bfe9e8a982302adbdbfeb1067ae8051430929e1f3bc01,a4709fb589a57532a7d8f9cab9fb5335c3d65501139014fd571eb9f178a8eedb,2,repository root -> <repository-root>; user home -> <user-home>
units/pbmc_primary/run_evidence/pbmc_ifnb_cd8_t_cells_stim_seed4_taumin0p5_taumax1p5_alpha4_coreot_full/derived/incomplete_reference/derivation_manifest.yaml,d0a7779d441918c95cc57f53f42e6707227cc25d29e8a0f3d589c136235e368c,1aa1845efd167734a5306d4e2f5ebf61ac3e4b60eb15ffad3699834a04c18743,3,repository root -> <repository-root>; user home -> <user-home>
units/pbmc_primary/run_evidence/pbmc_ifnb_cd8_t_cells_stim_seed4_taumin0p5_taumax1p5_alpha4_coreot_full/derived/incomplete_reference/prior_profiles/default/prior_manifest.yaml,c00bd817d0cbf08789ad5ad94cf81268e44010149fd0afbc187801d728c3ed84,d5a85db42304330b05c8f4ec2beeed24fccff0f56ffdf6161dc4015d7e80026a,2,repository root -> <repository-root>; user home -> <user-home>
units/pbmc_primary/run_evidence/pbmc_ifnb_cd8_t_cells_stim_seed5_taumin0p5_taumax1p5_alpha4_coreot_full/derived/full_reference_control/derivation_manifest.yaml,528e9bdb41721e1f13da6b7c09f6edd170eb0fa1f103a20b899b1d12d0aa2814,93da2531f1415c457a668f251a625d9f9553a5408b6860253711aa74bedc4dfd,3,repository root -> <repository-root>; user home -> <user-home>
units/pbmc_primary/run_evidence/pbmc_ifnb_cd8_t_cells_stim_seed5_taumin0p5_taumax1p5_alpha4_coreot_full/derived/full_reference_control/prior_profiles/default/prior_manifest.yaml,398769e05e0370c5bebe7095eb96c2c4afd617b848da74a9a172d6d9d6e9c3a4,cb826b359b78d31856fc46c91b8f76b32c08299b6fedd863dbc53bb7ad674494,2,repository root -> <repository-root>; user home -> <user-home>
units/pbmc_primary/run_evidence/pbmc_ifnb_cd8_t_cells_stim_seed5_taumin0p5_taumax1p5_alpha4_coreot_full/derived/incomplete_reference/derivation_manifest.yaml,b66da85355220a4bc3445731b7d8dcb3a369e0344fe8d25020fd0263af408848,336af792f5708558ae4920a9417d3d5a770350a95d455c2728dcd7ae394bdd4f,3,repository root -> <repository-root>; user home -> <user-home>
units/pbmc_primary/run_evidence/pbmc_ifnb_cd8_t_cells_stim_seed5_taumin0p5_taumax1p5_alpha4_coreot_full/derived/incomplete_reference/prior_profiles/default/prior_manifest.yaml,1f1de583445b1dd2aaf6a7fd9722f875be8b37c3df14c53dbf8123c0dbb111da,355c5e91e724bc559812d2dca00ded2696f42b92e3068dc3c7e5b55515629bb4,2,repository root -> <repository-root>; user home -> <user-home>
units/pbmc_primary/run_evidence/pbmc_ifnb_dendritic_cells_stim_seed1_taumin0p75_taumax1_alpha3_coreot_full/derived/full_reference_control/derivation_manifest.yaml,1c0f5b72b5018aa2e9fecbdbb30fec457678a20b51671c9fe78953917761f66d,f391fe59009500305320a6fc12590862b9ae378add060085de8a15b7e8db4855,3,repository root -> <repository-root>; user home -> <user-home>
units/pbmc_primary/run_evidence/pbmc_ifnb_dendritic_cells_stim_seed1_taumin0p75_taumax1_alpha3_coreot_full/derived/full_reference_control/prior_profiles/default/prior_manifest.yaml,8cef795ff460ac03f12a9814d8e444b920ed851f13543908baeb2d31728633a5,630562015206baf45453cf42804e8ea525897e6eeb6a810b62ae0e6a5a3161b9,2,repository root -> <repository-root>; user home -> <user-home>
units/pbmc_primary/run_evidence/pbmc_ifnb_dendritic_cells_stim_seed1_taumin0p75_taumax1_alpha3_coreot_full/derived/incomplete_reference/derivation_manifest.yaml,fa16c6f84f2645ac39fec668f8ac34ae1d6d503ad64dfa2875ae783bda96b137,19e6a5027627298fe3c19c2ab70627262f33814ca782b28128eba597e5abd0ee,3,repository root -> <repository-root>; user home -> <user-home>
units/pbmc_primary/run_evidence/pbmc_ifnb_dendritic_cells_stim_seed1_taumin0p75_taumax1_alpha3_coreot_full/derived/incomplete_reference/prior_profiles/default/prior_manifest.yaml,b7a310d16be9dab43cc0620d756a7e049ea1a8d3aba378b94acea063b0ba3bad,14372a77e0895dd5e225cf4b85a956aa9993c52b7dd7ea21cecd6bf16f94f413,2,repository root -> <repository-root>; user home -> <user-home>
units/pbmc_primary/run_evidence/pbmc_ifnb_dendritic_cells_stim_seed2_taumin0p75_taumax1_alpha3_coreot_full/derived/full_reference_control/derivation_manifest.yaml,db24b5d0b1cdf661a29e3b30d54d28b8437b68d1420141b0d9767111f21ec72a,a7b2bde987a90ff3abcc967685a39fe5aab9a3d2901e03ccb8f9393b0b0a2a10,3,repository root -> <repository-root>; user home -> <user-home>
units/pbmc_primary/run_evidence/pbmc_ifnb_dendritic_cells_stim_seed2_taumin0p75_taumax1_alpha3_coreot_full/derived/full_reference_control/prior_profiles/default/prior_manifest.yaml,71eb8efdf3a8db74fb5a9ffc2bf190eb2993d308d87909139e8918c10d7c6b76,1b9c7e6c7ad5fc4f91770df7a9b8e124097e314c669c5824b5935a521b49783c,2,repository root -> <repository-root>; user home -> <user-home>
units/pbmc_primary/run_evidence/pbmc_ifnb_dendritic_cells_stim_seed2_taumin0p75_taumax1_alpha3_coreot_full/derived/incomplete_reference/derivation_manifest.yaml,2cc968c85632dffac9fbc2999cf7ebfdb64b160e6fae3ac2fb8ae8d07cffe992,7e5ac0cf2aa54ea241e64d83b98fe25f14da703f3d61fdef64986df5a650224d,3,repository root -> <repository-root>; user home -> <user-home>
units/pbmc_primary/run_evidence/pbmc_ifnb_dendritic_cells_stim_seed2_taumin0p75_taumax1_alpha3_coreot_full/derived/incomplete_reference/prior_profiles/default/prior_manifest.yaml,2edc1c77bb1487ff367b0c44c42c1cbaf5c98487980839c22c9af453f597e4fb,f82f50234e66e5a98c85197bbc5c39db3c7b37b7b6f75b8393b54a19d74b7601,2,repository root -> <repository-root>; user home -> <user-home>
units/pbmc_primary/run_evidence/pbmc_ifnb_dendritic_cells_stim_seed3_taumin0p75_taumax1_alpha3_coreot_full/derived/full_reference_control/derivation_manifest.yaml,903988cefa399ebc9558ae9f0850aa79dc1d38fdf560d5b7e257ef14caf34f1f,916425a68c78722f10cdb8ed83c1e8746512a7d22bc41b97e63c4ab9246b3c48,3,repository root -> <repository-root>; user home -> <user-home>
units/pbmc_primary/run_evidence/pbmc_ifnb_dendritic_cells_stim_seed3_taumin0p75_taumax1_alpha3_coreot_full/derived/full_reference_control/prior_profiles/default/prior_manifest.yaml,a28b2ff7b65a5d463b15610efa6f3f32aab0bde85c6f06853fea33956bef8cb7,87d4f813efb5b7cccb5f3d6fcb58b5f039d56d504e980d9dda95748738cd2f2e,2,repository root -> <repository-root>; user home -> <user-home>
units/pbmc_primary/run_evidence/pbmc_ifnb_dendritic_cells_stim_seed3_taumin0p75_taumax1_alpha3_coreot_full/derived/incomplete_reference/derivation_manifest.yaml,4399c78a0737f73f6471f1da770d03641638232585f7e98420df42095b79e78e,cbe87123640d9ebd49137805964873c4ea1a851857d38df25d230a5fc8b7100d,3,repository root -> <repository-root>; user home -> <user-home>
units/pbmc_primary/run_evidence/pbmc_ifnb_dendritic_cells_stim_seed3_taumin0p75_taumax1_alpha3_coreot_full/derived/incomplete_reference/prior_profiles/default/prior_manifest.yaml,8ca05713bda93588a931272904c69d993cf141111e4daee9abf862645aac90e9,4b0e3142833d6667537442519526f3f362fd3ebf674fed2c7991597780a6cb22,2,repository root -> <repository-root>; user home -> <user-home>
units/pbmc_primary/run_evidence/pbmc_ifnb_dendritic_cells_stim_seed4_taumin0p75_taumax1_alpha3_coreot_full/derived/full_reference_control/derivation_manifest.yaml,2e4a7ca837c60cbe463810133eccf0001938e5ff7fdd45dc0675f055454f64c8,96dd4022036b6a5f24aad03d29945edaa79c582af224d658ae86181b59857091,3,repository root -> <repository-root>; user home -> <user-home>
units/pbmc_primary/run_evidence/pbmc_ifnb_dendritic_cells_stim_seed4_taumin0p75_taumax1_alpha3_coreot_full/derived/full_reference_control/prior_profiles/default/prior_manifest.yaml,842fad493b530aa85b59dfe4be8f7eee16d7f19970ac0049b1071e2237ac39fd,32152a798f753d2420b03fcd17370703b68515c5e6bbcafb1fbbaa8e8ae5706d,2,repository root -> <repository-root>; user home -> <user-home>
units/pbmc_primary/run_evidence/pbmc_ifnb_dendritic_cells_stim_seed4_taumin0p75_taumax1_alpha3_coreot_full/derived/incomplete_reference/derivation_manifest.yaml,713e6c7968c2888d5bf2d57bae9d4e9879145e11b8b164fa90ea7125ab5d738a,351ababec5ddcd82a8da5b1f43624e44b1edea69c027268018b08c77085a29dd,3,repository root -> <repository-root>; user home -> <user-home>
units/pbmc_primary/run_evidence/pbmc_ifnb_dendritic_cells_stim_seed4_taumin0p75_taumax1_alpha3_coreot_full/derived/incomplete_reference/prior_profiles/default/prior_manifest.yaml,e98e8f4faec9807d072d1eafdd48d6d2c87da010e2cec398a85c75d3abe36a07,cad221c90923586032c5f1df489517ed739769588c28b7fbcd0b38ab8b912690,2,repository root -> <repository-root>; user home -> <user-home>
units/pbmc_primary/run_evidence/pbmc_ifnb_dendritic_cells_stim_seed5_taumin0p75_taumax1_alpha3_coreot_full/derived/full_reference_control/derivation_manifest.yaml,39ed8c20402954805f222fb10c9ebc73c2b57da271a4e019d36f356b619970cd,4a7a2acc997fa71546826ccbf650af0b182a7466e21db036940447b279fb71ff,3,repository root -> <repository-root>; user home -> <user-home>
units/pbmc_primary/run_evidence/pbmc_ifnb_dendritic_cells_stim_seed5_taumin0p75_taumax1_alpha3_coreot_full/derived/full_reference_control/prior_profiles/default/prior_manifest.yaml,3de4e9d072568a86f466f39bbf2316b216c7a50b55edbbe7fa95c40d62967994,362d3036bdb793b270b2cc76c3de18c9bd2b6ad34e67c5aa0c2e6b6bd054f777,2,repository root -> <repository-root>; user home -> <user-home>
units/pbmc_primary/run_evidence/pbmc_ifnb_dendritic_cells_stim_seed5_taumin0p75_taumax1_alpha3_coreot_full/derived/incomplete_reference/derivation_manifest.yaml,4b27e49d3eb7a5a57529cb340cdde06192d36c695f84acdca03203071de6ffa4,d0f3f28be223a765d481af4c0f2542df86b1a44b02bb53377bdf2e4802f05bfb,3,repository root -> <repository-root>; user home -> <user-home>
units/pbmc_primary/run_evidence/pbmc_ifnb_dendritic_cells_stim_seed5_taumin0p75_taumax1_alpha3_coreot_full/derived/incomplete_reference/prior_profiles/default/prior_manifest.yaml,725ff01a31874bdecb773218e670d6897d4932fc476bf40fc3f9f4cebbad7fc3,cc90a88de99d99f025eb487fe1d7f807ec6b4312a7a208d3b38106bca524c642,2,repository root -> <repository-root>; user home -> <user-home>
units/pbmc_primary/run_evidence/pbmc_ifnb_nk_cells_stim_seed1_taumin0p5_taumax1_alpha2_coreot_full/derived/full_reference_control/derivation_manifest.yaml,5ade601b6e95832b57886c089610cbd72176ef6164fe3a89de72c37a1e9f589a,2b449e38c0f51bebf23ecd27514d6072356998d61913df5f844212f3d245ab53,3,repository root -> <repository-root>; user home -> <user-home>
units/pbmc_primary/run_evidence/pbmc_ifnb_nk_cells_stim_seed1_taumin0p5_taumax1_alpha2_coreot_full/derived/full_reference_control/prior_profiles/default/prior_manifest.yaml,f4f8bbb4f77a47ce97b2b8d5ed34fbabacc7e0caa908620bcce14f85521ae1d6,9213ccdc7afbf024e215d63c3dc91daf01ed90019b581e8111293fcdd18c4134,2,repository root -> <repository-root>; user home -> <user-home>
units/pbmc_primary/run_evidence/pbmc_ifnb_nk_cells_stim_seed1_taumin0p5_taumax1_alpha2_coreot_full/derived/incomplete_reference/derivation_manifest.yaml,85a20e5e6a019cf67d1724e658f76d3c60bde0dce56b266dcdc4731eafc979e5,a864366c661c264716fc6c184a00b9dbb8cd03aef8f6929101e8468c185a3f75,3,repository root -> <repository-root>; user home -> <user-home>
units/pbmc_primary/run_evidence/pbmc_ifnb_nk_cells_stim_seed1_taumin0p5_taumax1_alpha2_coreot_full/derived/incomplete_reference/prior_profiles/default/prior_manifest.yaml,3389ec8d52508a1f4ec46f3115571ac53f2285f26d75f8aba08c117f07d2960e,6d530c8d1550acc310222fe1699c2e4c6f4910117b850d55797a2c95e11bb17d,2,repository root -> <repository-root>; user home -> <user-home>
units/pbmc_primary/run_evidence/pbmc_ifnb_nk_cells_stim_seed2_taumin0p5_taumax1_alpha2_coreot_full/derived/full_reference_control/derivation_manifest.yaml,4c9f56dcff6c840b7d90f46bcec9eb4c18e4d20d603fad1972f93b47d03a18d4,1fd102a60b69434fe61dcc123690ddb3c8260406142a95db0a64f11d0d2a218e,3,repository root -> <repository-root>; user home -> <user-home>
units/pbmc_primary/run_evidence/pbmc_ifnb_nk_cells_stim_seed2_taumin0p5_taumax1_alpha2_coreot_full/derived/full_reference_control/prior_profiles/default/prior_manifest.yaml,1bf83afa2b000174a8650701cc0f8dce58d1d9daeea2143f05e5a37a299a8490,4568ae2629ab548c5138ed1fa3956467bb356f5b8bb43148afba07e487a055b0,2,repository root -> <repository-root>; user home -> <user-home>
units/pbmc_primary/run_evidence/pbmc_ifnb_nk_cells_stim_seed2_taumin0p5_taumax1_alpha2_coreot_full/derived/incomplete_reference/derivation_manifest.yaml,d30e98612c0a3210c4514ff6267c522cb1cefd1fdb18357c3055425c3b2501d0,0ca533e8aad2e83f4351316d79fc59382b282f02aea7efbe419e16f8768d1899,3,repository root -> <repository-root>; user home -> <user-home>
units/pbmc_primary/run_evidence/pbmc_ifnb_nk_cells_stim_seed2_taumin0p5_taumax1_alpha2_coreot_full/derived/incomplete_reference/prior_profiles/default/prior_manifest.yaml,c37770fd3cdefc977ac68a9a5b2c092b35bfecdf2b3bf764faa7b35a2562271c,8bc4a2611ce7c56ca2ccf0166aaa3bb361e9eeb8b01fdae9fa448f7464db6326,2,repository root -> <repository-root>; user home -> <user-home>
units/pbmc_primary/run_evidence/pbmc_ifnb_nk_cells_stim_seed3_taumin0p5_taumax1_alpha2_coreot_full/derived/full_reference_control/derivation_manifest.yaml,28f9171d6996c0d5f1cca72f4ca6d919734f055e0bd6f1ea93029daaf9e7bbfc,030359d299562cd47475b83eb3f5b0b5bc1cf13c8f034625d13cb05a8773b297,3,repository root -> <repository-root>; user home -> <user-home>
units/pbmc_primary/run_evidence/pbmc_ifnb_nk_cells_stim_seed3_taumin0p5_taumax1_alpha2_coreot_full/derived/full_reference_control/prior_profiles/default/prior_manifest.yaml,1633610a4426e6ac78121e31843e1621520dc401760cbbc9429ba19d06300bbc,675f5df96a46694af220ccdec9f8f1c984bd7f812d7a7a6dd7d62a7009decc22,2,repository root -> <repository-root>; user home -> <user-home>
units/pbmc_primary/run_evidence/pbmc_ifnb_nk_cells_stim_seed3_taumin0p5_taumax1_alpha2_coreot_full/derived/incomplete_reference/derivation_manifest.yaml,6e17b7123aa98f7c69e99aa669d19498791bfa7819f4feab68eeb5468208da76,00c139ef1464867aa52b16924c60d54e6dfd218d1c2138c33ecf3104f122586c,3,repository root -> <repository-root>; user home -> <user-home>
units/pbmc_primary/run_evidence/pbmc_ifnb_nk_cells_stim_seed3_taumin0p5_taumax1_alpha2_coreot_full/derived/incomplete_reference/prior_profiles/default/prior_manifest.yaml,7a4d0954039cfd98d9510666446c1bf1717c7f59fec1e7637cd0cba3bb780f96,538165a9b4bd5585abbe83ce49d5b754168c9ad7005ce727a75fac094c62485d,2,repository root -> <repository-root>; user home -> <user-home>
units/pbmc_primary/run_evidence/pbmc_ifnb_nk_cells_stim_seed4_taumin0p5_taumax1_alpha2_coreot_full/derived/full_reference_control/derivation_manifest.yaml,e891b22122e97ad7ac1242ba4b4aa69c09bf6661af6745281485bcf682dabd34,9e812a8fb44083ecbfec92a5c200983d4987524bd698e491626bd1e45584b737,3,repository root -> <repository-root>; user home -> <user-home>
units/pbmc_primary/run_evidence/pbmc_ifnb_nk_cells_stim_seed4_taumin0p5_taumax1_alpha2_coreot_full/derived/full_reference_control/prior_profiles/default/prior_manifest.yaml,7ac029b6eec575285495968e9a71474283cce4e4eec94db404cb52dd98b38bf3,e6fac23e9588c22d8779d2c41b635fd7cb8e7bc06f1db053f47f548e60604590,2,repository root -> <repository-root>; user home -> <user-home>
units/pbmc_primary/run_evidence/pbmc_ifnb_nk_cells_stim_seed4_taumin0p5_taumax1_alpha2_coreot_full/derived/incomplete_reference/derivation_manifest.yaml,e464170d2d4993d33aa58595ac37a88c95db1c7cf50ed524333ddb2415ee762e,11bfc34321618412690e357ff3c8d055415ddb2907cd4ba404930671608f78a2,3,repository root -> <repository-root>; user home -> <user-home>
units/pbmc_primary/run_evidence/pbmc_ifnb_nk_cells_stim_seed4_taumin0p5_taumax1_alpha2_coreot_full/derived/incomplete_reference/prior_profiles/default/prior_manifest.yaml,27db8f238a1535414c94be16ad5642f3515c4a1b9a188cd5afd9cebf3c5280b5,3543f84d29801391e469c5c42e07b9bc15c2f478669f102e33e75b759465a33f,2,repository root -> <repository-root>; user home -> <user-home>
units/pbmc_primary/run_evidence/pbmc_ifnb_nk_cells_stim_seed5_taumin0p5_taumax1_alpha2_coreot_full/derived/full_reference_control/derivation_manifest.yaml,934e3ab8cfe65f799f96c22ac69c221461482f82e48f3aebc7b5120fbadb9a50,a3c5a8fc8f6d208353b32664523d925fa773a5811fed9e96e61b2cf6afa4bc49,3,repository root -> <repository-root>; user home -> <user-home>
units/pbmc_primary/run_evidence/pbmc_ifnb_nk_cells_stim_seed5_taumin0p5_taumax1_alpha2_coreot_full/derived/full_reference_control/prior_profiles/default/prior_manifest.yaml,555ae7e398890017e4bb239cdac04510077159a82c4a8ac79129b0919e76bbb0,125a2472d511754ebc6d4fcad09d50171cd168420a9fb1df4fb28cf8c9ef79cc,2,repository root -> <repository-root>; user home -> <user-home>
units/pbmc_primary/run_evidence/pbmc_ifnb_nk_cells_stim_seed5_taumin0p5_taumax1_alpha2_coreot_full/derived/incomplete_reference/derivation_manifest.yaml,0e0a838c0b5e5ec5f7e9a9d884c08ead5155bb81e6d388f652e2893c525cb367,2c2f9c77208452b8c006b387e07a607d4d3b5103597eac370649154705e8c37f,3,repository root -> <repository-root>; user home -> <user-home>
units/pbmc_primary/run_evidence/pbmc_ifnb_nk_cells_stim_seed5_taumin0p5_taumax1_alpha2_coreot_full/derived/incomplete_reference/prior_profiles/default/prior_manifest.yaml,f87994ffa591f81b24f90882f11221e0c7374ef9911517934838ea6060eccfce,29288adcb326519e27eaad9d93934f9bfd1de4fc4207c11b42865e6095eafdb2,2,repository root -> <repository-root>; user home -> <user-home>
units/pbmc_primary/verified_results/current_revalidation/PBMC/manuscript/figure3/figure_3_pbmc_manifest.yaml,d488e8a968ccd7c41717765083be4fe8bba4d38219ed27518ee44c5b256b5d21,94886a94e9d582c70958ee6cd8c03b93de00d893ef0e34ac6e0bd9af9edc441a,1,repository root -> <repository-root>; user home -> <user-home>
units/pbmc_primary/verified_results/figure3/figure_3_pbmc_manifest.yaml,0672d3a813dc408fc39e73d558be653960dd37b52a9dc84981fb08babf62c923,9c8506cd9d2a71d02a64ff9a9a42e0466dc640be2e3cc86d3935face26f5dd1f,1,repository root -> <repository-root>; user home -> <user-home>
